graph_id,label,feat
0,0,559.5;3;11.69;7.5;2.83;1;11.28;6.06;2.88
1,0,667.35;3;11.69;6.97;3.2;2.7;13.68;6.53;4.86
2,0,577.75;2.04;12;6.68;3.35;0.3;8.94;5.08;2.92
3,0,646.52;3;11.69;7.56;2.94;0.5;13.46;6.55;4.48
4,0,651.81;3;11.69;7.69;2.95;0.6;13.56;6.58;4.6
5,0,879.19;2.61;11.53;6.9;2.61;0.6;16.22;4.67;6.17
6,0,665.07;2.01;11.69;6.76;3.46;1;13.91;6.12;4.97
7,0,591.36;3;11.38;7.38;2.74;1.4;9.65;5.63;3.05
8,0,559.5;3;11.95;8.1;3.09;0.5;12.49;6.58;3.12
9,0,727.22;2.88;11.72;7.09;3.28;1;18.33;6.38;5.8
10,0,571.37;3;10.77;7.21;2.49;0.79;12.27;5.96;3.4
11,0,618.03;2.65;11.69;7.1;3.08;2.2;12.96;6.17;4.12
12,0,561.99;3;11.69;7.03;2.96;0.3;12.96;6;3.4
13,0,659.95;2.65;12;6.73;3.37;1.7;12.96;6.14;4.29
14,0,566.46;2;11.72;6.99;3.02;0.7;12.96;6.19;3.51
15,0,735.5;2.34;10.64;6.53;3.2;0.4;12.72;5.02;4.51
16,0,657.55;2.29;11.69;7.04;3.37;1.43;12.96;5.6;4.55
17,0,659.43;3;11.69;7.1;2.74;1.1;12.96;6.51;4.63
18,0,559.5;3;11.92;8.1;3.1;0.5;12.49;6.58;3.12
19,0,655.31;3;11.69;7.59;3.03;1.44;17.84;6.38;5.32
20,0,622.11;2.49;11.69;6.98;3.28;1.4;12.96;6.26;4.41
21,0,694.1;2.69;11.69;7.46;3.19;0.2;12.96;5.81;4.93
22,0,601.9;2.64;11.69;6.9;3.48;0.5;12.96;6.3;4.24
23,0,584.27;3;11.69;6.51;2.76;2.6;12.96;6.75;3.71
24,0,634.67;3;11.69;7.47;3.02;1.8;11.79;6.37;3.9
25,0,574.22;2.69;11.98;6.96;3.12;1.5;12.96;5.95;3.68
26,0,706.26;2.82;11.3;7.02;3.16;1.7;12.98;5.67;4.9
27,0,584.45;3;11.69;7.55;2.86;0.8;12.17;6.28;3.51
28,0,729.1;2.23;11.48;7.28;2.71;0.5;12.96;6.1;5.11
29,0,575.77;2.38;11.69;6.81;3.4;1.65;12.96;5.99;3.86
30,0,603.91;2.41;10.9;6.64;2.83;0.3;12.63;5.52;3.86
31,0,730.09;3;11.72;7.14;2.5;0.2;15.11;4.84;5.32
32,0,653.34;3;11.69;7.47;2.9;3.7;12.68;6.2;3.9
33,0,580.76;3;11.81;7.52;2.93;0.7;12.27;6.27;3.49
34,0,559.5;3;11.69;7.36;2.94;2.09;12.96;6.55;2.95
35,0,587.7;2.9;11.69;6.88;3.26;0.2;12.96;6.27;3.97
36,0,608.85;3;11.75;7.5;2.85;2.1;9.65;5.7;2.92
37,0,639.38;3;11.89;7.47;3.06;3.5;16.44;7.07;4.65
38,0,582.25;3;11.81;7.51;2.76;1.2;12.96;6.13;3.49
39,0,688.21;2.12;11.87;6.39;3.07;1.2;15.98;6.09;4.91
40,0,593.73;3;11.89;7.26;2.79;0.1;12.96;6.36;3.82
41,0,641.1;2.01;12;7.13;3.15;0.3;12.82;5.71;3.83
42,0,619.14;3;11.69;7.56;3.12;1.37;16.15;6.24;4.61
43,0,631.62;2.35;11.98;7.02;2.98;1.7;12.96;6.32;4.34
44,0,711.14;2.06;11.69;7.07;2.97;3.4;13.47;6.54;5.26
45,0,568.87;2.45;11.72;7.75;3.38;0.4;12;5.96;3.33
46,0,607.98;2.19;11.69;6.34;2.72;0.1;12.96;6.11;4.17
47,0,615.58;2.87;11.73;7.4;2.82;0.7;12.39;6.26;4.38
48,0,581.94;2.04;11.69;6.98;3.17;1.48;12.96;5.94;3.9
49,0,693.94;3;11.69;7.71;3.05;1.1;14.23;6.61;4.98
50,0,653.44;2.38;11.83;7.13;3.19;2;12.96;5.47;4.7
51,0,592.7;3;11.69;7.46;2.99;0.2;14.86;6.42;4.25
52,0,666.79;3;11.72;7.16;2.73;1.2;13.61;6.58;4.81
53,0,611.21;2.78;11.69;6.85;3.19;0.4;12.96;6.3;4.48
54,0,611.3;3;11.78;7.45;3.14;0.7;13.66;6.44;4.12
55,0,655.73;3;11.9;7.62;3.16;1.45;17.44;6.35;5.15
56,0,595.24;2.49;11.91;7.1;3.04;2.31;12.96;6.1;3.73
57,0,562.92;2.09;11.69;7.45;3.55;0.2;12.96;5.99;3.4
58,0,667.84;2.11;11.71;7.71;3.36;1.9;13.24;6.48;4.59
59,0,669.03;3;11.81;6.83;3.22;3.2;12.96;6.5;4.96
60,0,599.32;2.09;11.71;7.45;3.49;1.8;12.96;6.92;3.58
61,0,582.9;2.05;11.97;7.73;3.35;1.1;9.65;5.74;2.64
62,0,567.59;3;11.84;7.38;2.81;0.5;12.96;6.02;3.37
63,0,661.07;2.06;12;6.55;3.2;1.6;14.12;5.82;4.6
64,0,617.98;2.7;11.65;6.5;2.69;0.3;13.25;6.5;4.42
65,0,686.4;3;11.69;7.54;2.97;2.3;15.25;6.73;5.2
66,0,643.31;2.81;11.69;6.91;3.42;2.2;12.96;6.46;4.61
67,0,669.71;2.79;11.7;6.95;3.12;1.7;11.99;5.66;4.68
68,0,643.8;2.08;11.69;6.5;2.9;0.2;12.96;4.39;4.39
69,0,720.96;2.82;11.97;6.52;2.82;2.4;11.34;5.65;4.6
70,0,590.24;3;11.89;7.38;3.22;1.45;14.96;6.15;4.11
71,0,600.43;2.23;11.69;7.47;3.22;0.4;12.65;6.14;3.93
72,0,568.1;2.44;11.69;7.28;3.26;0.2;12.96;6.3;3.58
73,0,646.91;2.21;11.5;6.82;2.83;1.9;9.65;5.16;3.19
74,0,597.23;2.92;11.69;6.81;3.19;2.3;12.96;6.1;4.21
75,0,606.01;2.1;11.69;7.14;3.15;2.3;12.96;6.36;3.82
76,0,559.5;2.85;11.91;7.83;3.27;0.1;12.96;6.25;3.47
77,0,563.38;2.75;11.83;7;3.3;0.6;12.96;6;3.4
78,0,583.67;2.97;11.69;6.49;2.99;0.4;12.96;4.98;3.62
79,0,595.61;3;11.75;6.9;3.21;0.1;12.87;6.24;4.2
80,0,563.7;3;11.83;7.64;3.08;0.2;13.16;6.02;3.43
81,0,730.04;2.07;11.8;5.85;2.84;1.2;18.25;6.26;6.02
82,0,692.9;2.91;11.76;6.86;3.1;3.6;13.09;6.57;5.2
83,0,609.1;3;11.69;7.68;2.92;2.3;10.82;6.24;3.45
84,0,617.23;3;11.69;7.5;3.2;2.5;12.96;6.98;3.79
85,0,642.16;2.6;11.66;7.19;2.86;2.4;10.13;5.88;3.68
86,0,591.17;3;11.69;7.53;2.83;1.4;9.93;6.1;3.04
87,0,584.27;2;11.93;7.35;3.5;1.2;8.56;5.23;2.65
88,0,637.88;3;11.16;6.73;2.61;0.3;13.98;6.12;4.7
89,0,619.68;3;11.72;7.09;3.08;0.8;12.96;6.35;4.33
90,0,655.22;3;11.69;7.59;2.8;1;12.96;6.5;4.48
91,0,655.34;3;11.69;7.74;3.22;0.2;12.96;6.59;4.63
92,0,580.37;2.56;11.69;6.94;2.98;0.8;12.96;6.14;3.76
93,0,559.5;3;11.77;7.18;2.99;0.1;12.96;6.03;3.32
94,0,602.08;2.12;11.92;7.78;3.38;0.4;12.96;6.29;3.84
95,0,654.59;3;11.69;7.15;2.79;1.4;12.96;6.51;4.56
96,0,601.33;2.7;11.92;6.88;3.32;1.4;12.96;6.23;4.05
97,0,692.84;2.12;11.66;6.42;2.78;0.3;9.44;4.85;4.03
98,0,568.68;2.6;11.69;7.04;3.1;1;12.96;6.04;3.43
99,0,568.21;2.28;11.96;7.44;3.15;0.4;9.65;5.61;2.96
100,0,616.82;2.02;11.04;6.47;3.13;0.8;9.65;5.83;3.87
101,0,675.18;3;11.8;7.78;3.07;0.2;17.83;6.62;5.4
102,0,633.36;2.14;11.89;7.29;3.03;0.9;12.96;6.26;4.44
103,0,699.91;3;11.73;7.11;3.35;1.7;14.25;6.22;4.71
104,0,576.87;2.63;11.69;6.97;2.97;1.5;12.96;6.09;3.64
105,0,609.65;3;11.98;7.45;3.01;1.5;16.45;6.42;4.73
106,0,598.61;3;11.69;7.23;2.68;0.8;12.96;6.32;3.92
107,0,711.35;2.55;10.94;6.42;2.75;0.8;15.28;5.11;5
108,0,690.28;2.09;11.98;6.87;3.36;0.7;11.48;5.58;4.35
109,0,644.66;3;11.69;7.53;2.8;1.4;12.96;6.45;4.36
110,0,623.13;3;11.94;7.21;2.76;1.5;12.96;6.38;4.22
111,0,781.12;2.05;11.59;6.3;2.94;1.3;13.07;5.58;5.11
112,0,574.88;3;11.69;7.06;2.78;0.8;12.96;6.21;3.61
113,0,659.93;3;11.69;7.48;2.99;1.4;17.35;6.7;5.4
114,0,589.55;3;11.6;7.28;2.96;1.4;9.65;5.62;3.09
115,0,570.79;3;11.65;6.99;2.8;0.1;12.87;6.22;3.71
116,0,670.44;2.8;11.69;7.17;2.86;0.6;12.97;6.57;4.77
117,0,642.03;3;11.69;7.52;2.85;0.1;12.96;6.54;4.46
118,0,565.67;2.23;11.69;7.01;2.87;1.39;12.96;5.25;3.25
119,0,632.41;3;10.76;6.56;2.55;1.2;14.01;6.1;4.49
120,0,599.84;3;11.89;6.84;3.17;0.1;13.05;6.27;4.34
121,0,655.95;2.45;11.88;6.92;3.61;2.5;13.05;6.49;4.77
122,0,644.47;3;11.92;7.02;3.24;2.3;12.96;6.45;4.52
123,0,673.81;3;11.69;6.88;3.13;3.4;12.96;6.5;4.93
124,0,638.92;2.88;11.64;7.33;2.98;0.7;15.96;6.27;4.77
125,0,559.5;3;11.94;7.68;2.96;0.4;12.61;5.87;3.2
126,0,589.3;3;11.69;6.49;2.77;3.3;12.96;6.76;3.84
127,0,592.35;3;11.73;7.49;2.89;1.4;9.92;6.04;2.95
128,0,643.31;3;11.69;6.94;3.29;2.2;12.96;6.45;4.6
129,0,583.63;2.41;10.97;7.32;2.89;1;9.65;5.62;3.02
130,0,598.49;3;11.97;6.79;3.23;0.3;12.96;6.23;4.27
131,0,607.5;3;12;7.74;3.08;2;14.95;6.19;4.09
132,0,716.98;2.13;11.69;7.57;3.13;3.1;15.56;6.59;5.31
133,0,734.64;2.73;11.07;7.13;2.92;1.3;11.97;5.88;4.8
134,0,652.19;2.8;11.82;6.85;3.27;2.4;12.96;6.43;4.73
135,0,696.94;3;11.69;7.52;3.03;3.2;16.15;6.79;5.47
136,0,616.04;2.69;11.69;6.94;3.38;1;12.96;6.29;4.41
137,0,642.91;3;11.69;7.66;2.86;0.8;13.76;6.54;4.46
138,0,606.38;3;11.74;7.32;2.75;0.3;12.96;6.4;4
139,0,624.51;2.36;11.69;6.59;2.76;1.4;12.96;6.33;4.27
140,0,665.41;3;12;6.99;2.62;0.8;12.96;5.36;4.18
141,0,725.85;2;11.01;6.1;2.26;2.9;17.12;6.83;6.16
142,0,559.5;2.05;11.39;7.62;3.2;1.11;11.74;5.59;3
143,0,710.58;2.85;11.69;6.96;3.04;3.5;13.47;6.6;5.3
144,0,638.42;3;11.69;6.87;3.08;2.2;12.96;6.4;4.5
145,0,661.22;3;11.84;7.42;3.08;1.7;13.29;6.49;4.44
146,0,659.77;3;11.69;7.32;2.64;1.1;13.14;6.54;4.64
147,0,573.5;2.2;10.56;7.44;3.03;0.6;12.47;6.03;3.51
148,0,566.09;3;11.99;7.35;2.98;0.3;11.04;5.25;3.09
149,0,747.29;2.1;11.18;6.86;2.84;0.6;11.56;5.7;4.7
150,0,559.5;3;11.69;7.54;2.97;1.55;9.7;5.76;2.41
151,0,559.5;3;11.69;7.43;2.9;0.9;9.78;5.95;2.54
152,0,618.15;3;11.69;7.12;2.76;0.8;12.96;6.4;4.11
153,0,669.73;3;11.69;6.98;2.8;1.5;12.96;6.55;4.82
154,0,622.85;2.28;11.69;6.84;3.02;0.9;12.96;6.41;4.29
155,0,700.49;3;11.69;6.86;3.31;4.2;12.96;6.59;5.35
156,0,559.5;3;11.9;8.1;3.1;0.5;12.49;6.58;3.12
157,0,606.13;2.27;11.69;7.04;2.96;1;12.96;6.37;4
158,0,559.5;3;11.69;7.28;2.52;2;10.98;6.62;2.47
159,0,559.5;3;11.69;7.5;2.82;0.9;9.89;5.96;2.56
160,0,582.16;2.21;11.69;6.99;3.01;0.7;12.96;6.13;3.76
161,0,574.22;3;11.69;7.24;2.68;1;12.96;6.06;3.42
162,0,614.17;2.99;11.98;7.1;2.9;0.6;12.96;6.42;4.11
163,0,657.75;3;11.69;6.82;3.09;0.2;14.9;6.48;5.11
164,0,671.48;2.91;11.97;6.94;3.46;0.8;12.96;5.91;4.65
165,0,609.16;3;11.82;7.68;2.69;2.1;9.65;5.73;2.89
166,0,586.52;3;11.69;6.53;2.88;2.6;12.96;6.75;3.75
167,0,602.69;2.18;11.87;6.9;3.57;0.5;12.96;6.34;4.19
168,0,639.82;2.88;11.98;7;3.51;1.2;12.96;6.43;4.74
169,0,602;3;11.56;6.84;3.42;0.2;12.78;6.26;4.37
170,0,615.85;3;11.77;6.96;3.09;1.2;12.96;6.37;4.25
171,0,590.58;3;11.95;7.56;2.81;1.3;9.82;6.07;2.96
172,0,565.86;3;11.69;6.89;3.09;1;12.96;6.01;3.48
173,0,608.78;3.08;11.94;6.67;2.92;1.4;12.96;5.61;4.05
174,0,623.46;2.08;11.84;7.27;3.34;0.9;10.56;5.58;3.34
175,0,689.42;2.54;11.69;6.94;3.47;3.1;14.34;6.59;5.14
176,0,567.76;3;11.88;7.09;2.78;0.1;13.06;6.25;3.66
177,0,559.5;3;11.69;7.07;2.89;0.7;12.27;6.72;2.91
178,0,630.49;2.14;11.61;6.19;3.37;0.4;14.07;5.34;4.19
179,0,617.4;2.2;11.69;6.98;3.27;2.24;12.96;6.02;4.4
180,0,883.23;2.11;11.66;7.67;3.24;0.7;14.26;4.8;6.24
181,0,748.49;3;11.69;7.73;2.93;1.95;12.49;5.84;5.15
182,0,590.51;2.2;11.69;6.7;2.98;0.3;12.96;6.05;3.89
183,0,559.5;3;11.69;7.56;2.79;0.2;12.77;6.13;3.29
184,0,596.82;3;11.47;7.59;3.03;1.5;13.05;6.33;3.92
185,0,559.5;3;11.69;7.32;3.1;2.2;12.96;6.56;2.94
186,0,608.07;2;11.69;7.2;3.32;0.1;12.96;6.42;4.02
187,0,702.81;3;11.89;7.04;3.26;2.8;14.86;6.62;5.25
188,0,564.87;2.81;11.71;7.05;2.94;0.5;12.96;6.1;3.38
189,0,623.81;3;11.69;7.06;2.82;1.8;12.96;6.35;4.17
190,0,639.72;3;11.8;7.64;2.83;1.9;11.89;6.36;3.91
191,0,565.38;3;11.82;7.54;2.9;0.3;12.96;6.22;3.49
192,0,591.56;2.09;11.69;6.65;3.15;1.36;12.96;6.48;4.19
193,0,632.95;2.62;11.69;6.96;3.35;0.7;12.96;6.4;4.73
194,0,584.96;3;11.69;6.84;3.05;0.9;12.96;6.17;3.91
195,0,616.46;3;11.69;7.06;2.79;0.9;12.96;6.39;4.11
196,0,584.85;2.45;11.69;6.93;3.13;0.3;12.96;6.29;3.87
197,0,680.5;3;11.69;7.45;2.8;2.1;13.97;6.54;4.84
198,0,596.15;3;11.97;6.86;3.38;0.3;12.68;6.24;4.21
199,0,671.33;3;11.82;6.91;2.82;1.8;12.37;5.85;4.2
200,0,563.73;3;11.85;7.46;2.88;0.2;9.99;6.05;2.79
201,0,559.5;3;11.69;7.21;2.6;1.5;11.47;6.66;2.63
202,0,646.39;3;11.69;6.97;2.8;1.5;12.96;6.47;4.5
203,0,582.56;3;11.69;7.39;2.98;1.5;14.46;6.15;3.89
204,0,667.15;3;11.69;7.54;2.85;0.1;13.1;6.61;4.75
205,0,683.03;2.63;11.69;6.88;3.43;3.1;14.4;6.59;5.14
206,0,655.73;3;11.51;7.2;2.72;0.6;12.4;5.36;4.33
207,0,695.94;2.27;11.69;6.91;3.08;0.5;12.94;5.37;4.46
208,0,651.24;3;11.92;7.14;2.94;2.1;13.25;6.44;4.66
209,0,682.05;2.55;11.14;6.77;2.98;0.6;18.3;6.68;5.9
210,0,628;3;11.7;7.23;2.72;0.3;12.96;6.45;4.2
211,0,729.83;2.24;11.68;6.72;2.76;0.7;15.25;5.99;5.23
212,0,591.18;3;11.77;7.67;2.83;1.5;14.45;6.21;3.89
213,0,561.07;3;12;7.01;2.95;0.2;12.96;6.08;3.34
214,0,622.18;2.9;11.23;7.52;2.76;0.6;12.42;6.23;4.26
215,0,784.8;2.32;11.97;6.92;2.96;0.6;15.23;4.94;6.08
216,0,591.46;3;11.8;7.51;2.78;0.3;12.96;6.24;3.77
217,0,559.5;3;11.85;7.6;2.72;0.1;9.65;5.98;2.62
218,0,751.54;3;11.97;7.08;2.8;1;14.17;5.92;5.43
219,0,559.5;2.44;11.69;7.41;3.33;1.35;9.65;5.62;2.23
220,0,568.3;3;11.7;6.94;3.1;1.2;12.96;5.98;3.58
221,0,564.87;3;11.69;7.09;2.89;0.5;12.96;6.04;3.42
222,0,593.26;2.1;11.82;6.89;3.43;0.3;12.68;6.22;4.1
223,0,670.16;3;11.94;7.5;3.13;2.9;15.95;6.7;5.16
224,0,694.65;2.33;11.69;6.93;3.06;4;12.96;6.53;5.17
225,0,575.89;3;11.69;7.01;2.77;0.2;12.96;6.24;3.74
226,0,703.68;3;11.94;7.33;2.89;2.1;13.26;5.56;4.85
227,0,715.89;3;11.69;7.01;3.38;3.9;15.88;6.66;5.58
228,0,633.73;3;11.69;7;2.79;1.5;12.96;6.42;4.31
229,0,594.38;2.5;11.8;6.83;3.23;2.15;12.96;6.06;4.26
230,0,627.78;3;11.69;7.62;2.87;0.1;13.06;6.49;4.26
231,0,644.62;3;11.69;7.11;2.89;1.93;12.96;5.52;4.24
232,0,633.43;2.84;11.98;7.42;3.06;2.82;9.65;5.46;3
233,0,683.22;2.11;11.71;7.25;3.21;2.4;12.96;6.06;4.91
234,0,597.27;3;11.69;6.81;2.48;0.7;12.96;5.44;3.82
235,0,615.9;3;11.69;7.75;2.96;0.2;15.45;6.44;4.43
236,0,651.65;2.74;10.48;6.7;2.94;0.2;13.99;6.14;4.93
237,0,563.32;3;11.94;7.04;2.84;0.4;12.96;6.21;3.53
238,0,647.86;2.67;11.89;7.15;2.86;2;12.96;6.39;4.39
239,0,712.75;3;11.69;7.61;2.92;2.8;17.84;6.84;5.84
240,0,633.23;3;11.9;7.42;2.96;3.5;12.96;7.06;4.11
241,0,630;2.24;11.69;7.17;3.12;2.35;12.96;6.13;4.17
242,0,559.5;2.92;11.69;7.35;3.06;1.8;9.65;5.87;2.4
243,0,618.93;2.23;11.65;6.95;3.3;1.4;9.65;5.29;3.25
244,0,606.11;2.22;11.68;7.38;3.16;0.1;12.87;5.86;4.07
245,0,671.5;2.65;11.69;7.62;3.04;2.2;13.37;6.48;4.63
246,0,689.24;3;11.97;7.31;2.72;0.8;13.98;6.63;4.98
247,0,595.17;2.11;11.86;7.31;3.46;0.5;12.96;5.36;3.88
248,0,586.7;2.08;11.69;7.48;3.11;1;9.65;5.62;3.07
249,0,565.05;3;11.7;6.95;2.85;0.3;12.71;5.51;3.42
250,0,667.92;3;11.72;7.01;3.23;2.6;13.45;6.52;4.8
251,0,594.12;2.25;11.87;7.21;3.1;0.7;9.65;5.64;3.14
252,0,654.03;3;11.69;7.52;2.76;0.5;12.96;6.55;4.57
253,0,602.41;3;11.69;7.11;2.84;0.4;12.96;6.38;3.96
254,0,642.63;2.84;11.77;7.65;3.05;0.5;12.96;6.55;4.44
255,0,590.62;2.96;11.97;7.52;2.96;0.2;12.96;6.35;3.77
256,0,628.64;2.98;11.82;7.15;2.92;1.2;12.96;6.39;4.23
257,0,559.5;3;11.95;8.1;3.09;0.5;12.49;6.58;3.12
258,0,613.53;2.15;11.94;6.87;3.1;1.41;13.09;6.44;4.48
259,0,596.67;2.26;11.69;6.84;3.14;0.3;12.96;6.21;4.24
260,0,596.05;2.31;11.99;6.88;2.99;0.7;10.34;5.54;3.5
261,0,667.75;3;11.69;7.45;2.8;0.1;13.46;6.62;4.84
262,0,604.3;2.39;11.69;6.92;3.46;1.1;12.96;6.26;4.2
263,0,682.98;2.99;11.69;7.07;2.95;1.5;14;6.6;4.98
264,0,638.55;2.02;11.93;6.73;2.75;0.2;9.89;5.43;3.85
265,0,575.1;3;11.72;7.11;2.86;1.6;12.96;5.12;3.41
266,0,677.57;2.15;11.82;7.1;3.33;0.3;13.26;5.59;4.7
267,0,602.94;3;11.69;7.66;2.9;0.1;12.86;6.4;3.93
268,0,600.48;2.2;11.69;6.93;3.23;2.44;12.96;6.01;4.06
269,0,656.93;3;11.69;7.63;2.89;1.6;17.64;6.51;5.23
270,0,564.08;2.88;11.45;7.65;3.07;0.2;12.55;5.99;3.41
271,0,668.53;2.9;11.7;7;3.24;2.5;13.43;6.53;4.8
272,0,601.06;3;11.69;6.86;3.19;0.1;12.96;6.26;4.38
273,0,726.71;3;11.69;7.82;2.87;1.3;10.81;4.84;4.81
274,0,647.99;3;11.69;7.35;3.01;0.5;12.96;6.5;4.47
275,0,562.25;3;11.82;7.27;2.77;0.2;12.96;6.13;3.36
276,0,567.13;3;11.72;7.05;2.74;0.6;12.96;6.19;3.59
277,0,598.49;2.44;11.69;7.09;3.02;1.38;12.96;6.42;4.04
278,0,559.5;3;11.69;7.7;3.19;0.3;12.96;6.24;3.45
279,0,648.51;3;11.69;6.89;3.03;2.5;12.96;6.44;4.57
280,0,662.08;3;11.69;7.62;2.8;0.4;12.96;6.56;4.62
281,0,601.69;3;11.72;7.69;2.9;0.2;12.96;6.39;3.88
282,0,718.93;3;11.69;7.62;2.91;3.1;17.94;6.87;5.94
283,0,770.34;3;11.77;7.72;2.44;2.53;13.93;5.39;5.37
284,0,705.62;2.24;11.77;7.28;3.1;3.2;15.47;6.55;5.36
285,0,579.36;3;11.89;7.45;2.95;0.1;14.16;6.34;3.95
286,0,559.5;2.28;11.81;7.24;3.24;0.5;12.52;5.83;3.13
287,0,634.58;3;11.79;6.83;3.27;1.5;12.96;6.37;4.59
288,0,568.97;2.53;11.69;7.22;3.08;0.7;12.96;6.17;3.52
289,0,598.65;2.13;11.98;7.26;3.21;0.8;9.65;5.64;3.18
290,0,572.79;2.97;11.69;7.72;3.14;0.6;12.96;6.3;3.59
291,0,663.8;3;11.71;7.25;3.03;0.7;13.44;5.65;4.34
292,0,644.34;2.15;11.43;6.58;3.52;2.1;12.96;6.36;4.77
293,0,584.17;2.39;11.51;6.95;3.03;0.1;10.98;5.53;3.39
294,0,654.04;3;11.69;7.35;2.65;0.8;12.96;6.54;4.59
295,0,611.93;2.85;11.69;6.94;3.38;0.2;12.96;6.33;4.46
296,0,577.37;3;11.74;6.81;3.03;2.1;12.96;6.05;3.71
297,0,590.82;3;11.69;7.75;3.19;0.5;12.96;6.36;3.76
298,0,670.08;2.36;11.8;7.28;3.15;0.2;13.15;6.6;4.75
299,0,571.51;3;11.91;7.33;2.58;0.8;12.96;6.12;3.42
300,0,664;2.47;11.67;6.73;2.73;0.2;14.1;5.97;4.77
301,0,559.5;3;11.69;7.62;3.2;1;11.97;5.92;3.02
302,0,700.73;3;11.99;7.38;2.83;1.2;10.35;5.63;4.19
303,0,630.35;2.93;11.67;7.22;2.92;2.2;9.9;5.86;3.57
304,0,576.96;3;11.84;7.52;2.82;1;13.96;6.14;3.69
305,0,610.74;2.15;11.83;6.91;3.11;0.9;10.1;5.63;3.59
306,0,559.5;2.93;11.51;7.71;3.26;0.1;12.05;5.92;3.25
307,0,620.39;3;11.84;7.28;2.98;0.3;12.96;6.44;4.16
308,0,701.42;2.88;11.4;6.35;2.83;4.1;13.22;6.19;4.83
309,0,686.78;2.27;11.7;6.75;3.1;0.7;12.96;5.92;4.83
310,0,578.74;2.73;11.74;7.54;2.97;0.4;12.96;6.32;3.66
311,0,617.6;2;11.69;7.57;3.26;2.09;12.96;6.06;3.72
312,0,574.27;2.4;11.84;7.1;2.96;1.2;12.96;6.05;3.58
313,0,614.19;2.85;11.4;7.24;2.74;0.4;11.09;5.77;3.64
314,0,645.06;3;11.26;6.23;2.56;1.3;12.15;5.61;4.36
315,0,679.9;2.55;11.69;6.1;2.91;1.3;12.96;5.77;4.86
316,0,559.5;3;11.87;7.46;2.81;1;12.96;6.7;3.02
317,0,595.88;2.62;11.69;7.16;3.01;2.28;10.76;6.17;3.47
318,0,660.48;2.5;11.69;6.91;3.07;2.8;12.96;6.43;4.75
319,0,579.55;3;11.69;6.87;2.99;1.5;12.96;6.12;3.77
320,0,572.37;3;11.69;6.9;2.87;1.4;12.96;6.07;3.59
321,0,744.17;3;11.61;6.22;2.55;2.1;14.85;5.98;5.31
322,0,665.14;3;11.72;7.26;2.69;1.1;13.14;6.55;4.67
323,0,571.19;3;11.75;6.94;2.84;1.4;12.96;6.1;3.58
324,0,668.36;2.83;11.94;7.22;3.05;2.3;13.82;6.47;4.85
325,0,711.92;2.86;11.72;7.22;2.92;1.7;13.36;5.81;4.5
326,0,677.39;3;11.69;7.11;2.77;1.3;13.18;6.56;4.88
327,0,559.5;3;11.87;7.7;2.92;2;9.65;5.81;2.29
328,0,560.54;2.45;11.69;7.14;3.36;0.1;12.96;6.01;3.35
329,0,590.54;3;11.94;7.55;2.91;0.7;12.27;6.3;3.58
330,0,685.33;3;11.69;7.52;3;3.1;16.55;6.76;5.42
331,0,714.04;2.75;11.59;7.01;2.97;1.3;15.12;5.13;5.15
332,0,596.04;2.97;11.77;6.76;3.24;2.4;12.96;6.1;4.21
333,0,626.27;2.13;11.69;7.44;3.05;2.5;12.96;6.12;3.94
334,0,589.52;3;11.38;7.3;2.84;1.1;11.95;5.97;3.46
335,0,669.39;2.88;11.95;7.33;3.28;1.7;9.89;5.61;3.73
336,0,565.83;3;11.76;7.13;2.95;0.6;12.96;6.19;3.51
337,0,575.23;3;11.31;6.54;2.75;0.2;12.78;5.74;3.81
338,0,593.89;2.14;11.97;6.76;3.12;0.1;11.67;5.03;3.9
339,0,704.47;2.69;11.78;7.5;3.14;2.1;10.97;5.42;4.29
340,0,709.42;2.56;11.72;6.4;2.87;0.6;17.12;6.08;5.54
341,0,589.05;3;11.92;7.54;2.87;0.9;14.76;6.33;4.08
342,0,559.5;3;11.69;7.62;2.83;1.3;11.18;6.03;2.82
343,0,627.61;3;11.97;7.23;3.39;2.4;9.65;5.41;3.14
344,0,623.18;3;11.69;7.27;3.05;0.1;12.96;6.47;4.21
345,0,576.15;3;11.94;7.32;2.9;0.2;12.96;6.3;3.67
346,0,562.15;2.03;11.65;7.31;2.86;0.2;12.12;5.98;3.32
347,0,588.49;3;11.69;7.63;2.98;1.3;14.25;6.16;3.8
348,0,610.83;2.15;11.69;6.79;3.12;1.29;12.96;6.19;4.85
349,0,623.84;3;11.69;7.54;2.89;0.3;16.35;6.54;4.84
350,0,601.99;3;11.69;7.33;2.82;2.3;12.96;6.12;3.71
351,0,678.34;3;11.69;7.53;2.96;2.4;16.95;6.74;5.42
352,0,818.72;2.3;11.51;7.25;3.49;0.3;12.08;3.74;4.85
353,0,640.55;2.34;11.2;6.52;2.67;0.1;9.65;5.49;3.89
354,0,575.42;2.61;11.69;7.07;2.94;0.8;12.96;6.14;3.63
355,0,837.1;3;11.69;7.41;2.84;1.4;14.38;5.19;6.78
356,0,671.73;3;11.69;7.71;2.88;0.5;13.37;6.58;4.71
357,0,756.33;2.41;11.51;6.87;2.8;1.4;11.17;5.7;4.73
358,0,615.32;3;11.69;7.53;2.88;0.7;16.35;6.47;4.74
359,0,643.87;3;11.72;7.68;2.82;2.2;12.08;6.36;3.93
360,0,713.73;2.72;11.87;7.45;3.11;0.1;13.06;5.04;5.56
361,0,599.09;2.18;11.69;6.85;3.18;1.2;12.96;6.17;4.3
362,0,608.85;2.45;11.69;6.67;3.23;0.6;12.96;5.48;4.05
363,0,580.63;2.69;11.87;7.38;3.18;0.5;12.96;6.36;3.7
364,0,567.69;3;11.69;7.12;2.84;0.1;12.96;6.24;3.62
365,0,559.5;3;11.69;7.5;2.8;1;9.89;5.95;2.55
366,0,601.45;3;11.41;7.3;2.79;2;10.4;5.83;3.3
367,0,628.84;2.05;11.78;7.55;3.04;0.5;12.96;6.25;4.2
368,0,698.26;2.4;11.69;6.91;3.26;3.6;12.96;6.57;5.22
369,0,609.89;2.43;11.8;7.08;3.56;0.7;16.24;5.87;4.58
370,0,594.57;3;11.69;6.87;3.03;0.4;12.96;6.26;4.08
371,0,769.25;2.69;11.63;6.49;2.95;0.2;15.16;5.89;5.54
372,0,605.8;3;11.9;7.1;2.9;0.4;12.96;6.39;4.01
373,0,640.34;2.73;10.95;6.76;2.67;0.3;13.96;6.13;4.52
374,0,559.5;3;11.69;7.37;2.91;1.1;12.96;6.7;3.01
375,0,630.09;3;11.9;7.73;2.79;0.2;16.06;6.5;4.72
376,0,673.55;2.43;11.73;7.79;3.28;1.5;13.24;6.51;4.62
377,0,582.02;2.88;11.51;6.92;3.01;0.1;12.87;6.2;3.89
378,0,684.2;3;11.69;7.17;2.83;2.3;14.54;6.59;5.06
379,0,628.75;3;11.69;6.94;3.32;1.3;12.96;6.4;4.5
380,0,695.71;2.45;11.73;6.97;3.34;2.5;14.42;6.61;5.16
381,0,775.16;2.44;11.33;6.42;3.06;1;15.68;5.91;5.63
382,0,612.63;3;11.81;7.75;3.08;0.4;12.57;6.41;3.98
383,0,710.15;3;11.69;7.13;3.05;3.5;15.76;6.63;5.46
384,0,600.81;2.36;11.69;7.24;3.12;0.2;12.96;6.38;3.91
385,0,576.69;3;11.8;6.92;2.97;1.9;12.96;6.02;3.71
386,0,564.93;3;11.92;7.09;2.67;0.1;12.87;6.23;3.6
387,0,641.44;2.72;11.78;7.06;3;1.5;12.96;6.46;4.39
388,0,570.97;3;11.83;7.53;2.78;0.6;12.96;6.08;3.37
389,0,620.61;2.84;11.7;7.54;2.71;0.7;12.3;6.22;4.21
390,0,583.68;3;11.69;6.61;2.86;2.47;10.5;5.87;3.59
391,0,592.21;3;11.69;7.41;2.71;0.3;12.96;6.35;3.83
392,0,602.64;2.09;11.83;7.06;3;1;12.96;6.35;3.95
393,0,666.07;3;11.69;6.59;2.61;1.8;16.13;6.25;5.05
394,0,586.49;2.77;11.69;6.79;3.18;2.12;12.96;6.02;3.99
395,0,670.39;3;11.8;7.51;3.07;0.2;13.17;6.62;4.75
396,0,589.66;3;11.69;7.01;2.75;0.9;12.96;6.29;3.84
397,0,566.48;3;11.92;7.17;2.73;0.1;12.87;6.22;3.59
398,0,646.31;2.16;11.69;7.23;3.04;0.6;13.12;6.36;4.73
399,0,694.33;3;11.82;6.93;3.38;3.9;15.32;6.62;5.39
400,0,663.83;2.2;11.64;7.03;2.92;1.1;12.65;5.82;4.16
401,0,685.18;3;11.69;7.07;3.07;2.6;14.32;6.58;5.03
402,0,669.97;2.72;11.69;7.27;2.88;3.1;13.49;6.25;4.55
403,0,638.7;2.21;11.69;6.98;2.97;1.5;12.96;5.62;4.16
404,0,629.83;3;11.92;7.38;2.98;0.1;12.96;6.47;4.21
405,0,559.5;3;11.89;7.41;2.87;2.3;9.65;5.8;2.28
406,0,580.34;2.28;11.64;7.23;3.15;0.9;9.65;5.18;2.68
407,0,625.57;3;11.69;7.38;2.94;0.1;10.58;4.66;3.98
408,0,681.73;3;11.69;7.75;2.92;1.6;16.94;6.68;5.27
409,0,666.79;3;11.84;7.49;2.7;1.3;13.16;6.52;4.63
410,0,652.66;3;11.69;6.85;3.23;2.4;12.96;6.43;4.74
411,0,583.76;3;11.69;7.49;2.84;1.4;14.36;6.18;3.85
412,0,641.24;3;11.81;7.66;2.84;0.5;16.65;6.58;4.99
413,0,568.41;3;11.94;7.43;3.34;0.6;13.56;6.04;3.58
414,0,653.24;2.53;11.69;7.1;3.21;0.7;12.96;6.76;4.72
415,0,592.84;2.36;11.77;6.87;3.21;0.6;12.96;6.31;3.97
416,0,584.66;2.28;11.69;7.35;3.27;1.1;10.57;6.16;3.12
417,0,680.47;3;11.97;7.6;2.94;2.4;16.85;6.73;5.38
418,0,588.38;3;11.95;6.89;3.15;0.2;12.77;6.22;4.04
419,0,572.51;2.9;11.98;6.91;3.06;1.2;12.96;6.07;3.45
420,0,607.54;3;11.69;7.22;2.81;0.5;12.96;6.37;3.97
421,0,655.89;2.27;11.5;6.83;2.86;0.7;14.75;6.23;4.74
422,0,619.11;2.27;11.72;7.41;3.16;1.98;12.96;6.06;3.78
423,0,559.5;3;11.69;7.38;2.94;1.5;11.47;5.98;2.83
424,0,565.24;3;11.81;7.12;2.83;0.5;12.96;6.19;3.48
425,0,601.8;3;11.69;6.94;3.26;0.5;12.96;6.33;4.14
426,0,575.82;2.84;11.69;7.03;2.89;0.4;12.96;6.17;3.7
427,0,677.47;3;11.81;6.97;3.22;3.4;14.49;6.56;5.09
428,0,628.69;2.29;11.69;7.08;3.23;2.3;12.96;6.2;4.37
429,0,625.1;2.41;11.73;7.6;3.03;0.5;12.96;6.31;4.14
430,0,611.9;3;11.69;7.52;2.9;0.9;14.85;6.47;4.35
431,0,573.24;3;11.9;7.03;2.79;0.1;12.87;6.21;3.71
432,0,644.83;3.12;11.69;7.2;3.06;0.7;12.96;5.94;4.33
433,0,578.83;2.3;11.69;7.12;2.97;0.3;12.96;6.16;3.71
434,0,606.76;2.23;11.84;7.22;2.97;1.1;12.96;6.26;3.95
435,0,559.5;3;10.86;7.27;2.73;0.6;12.44;5.66;3.19
436,0,702.98;2.85;11.72;7.06;2.7;0.9;10.4;5.75;4.35
437,0,584.98;3;11.97;6.83;3.08;0.3;12.96;6.21;3.96
438,0,645.68;2.75;11.69;7.31;2.94;0.9;18.32;6.66;5.52
439,0,627.26;3;11.79;7.25;2.94;0.5;12.96;6.45;4.24
440,0,657.45;3;11.69;6.84;3.26;2.2;12.96;6.45;4.92
441,0,677.78;3;10.83;6.34;2.75;0.6;13.48;6.17;5.1
442,0,778.99;2.49;11.29;6.89;3.19;0.2;15.57;5.74;6.02
443,0,624.74;2.6;11.92;7.7;3.35;1;12.96;6.4;4.12
444,0,640.7;3;11.69;7.09;2.76;0.9;12.96;6.46;4.37
445,0,631.29;2.58;11.69;6.95;3.02;1.4;12.96;5.36;4.51
446,0,643.36;3;11.69;7.14;2.98;1.7;12.96;5.49;4.29
447,0,617.44;2.04;11.69;6.89;3.52;1.4;12.96;6.29;4.45
448,0,665.12;3;11.69;7.19;2.82;1.1;12.96;6.52;4.69
449,0,630.27;3;11.69;7.2;2.9;1;12.96;6.36;4.4
450,0,710.85;2;11.21;6.6;3.13;1.2;14.07;5.88;5.24
451,0,642.11;3;11.69;7.69;3.12;0.2;12.96;6.52;4.44
452,0,733.42;2.33;11.95;6.74;2.82;0.2;13.98;5.8;5.13
453,0,586.84;3;11.69;7.42;3.1;0.8;12.17;6.29;3.53
454,0,621.01;2.11;11.69;7.29;3.24;0.3;12.96;5.84;4.26
455,0,655.63;2.47;11.19;6.39;2.7;0.4;13.33;6.1;4.84
456,0,614.89;2.4;11.69;6.52;3.16;4.8;12.96;6.8;4.39
457,0,655.56;2.2;11.78;7.12;3.05;0.8;12.96;5.96;4.39
458,0,607.53;3;11.69;7.55;2.87;0.9;14.56;6.45;4.25
459,0,653.2;2;11.8;6.95;3.37;1.6;12.96;6.39;4.81
460,0,679.6;2.28;11.93;6.81;2.88;1.6;9.93;5.45;3.76
461,0,559.5;3;11.36;7.52;2.58;0.8;12.23;5.66;3.12
462,0,703.63;2.01;12;6.88;3.35;0.5;14.52;4.74;4.63
463,0,657.04;3;11.69;7.13;2.78;1;12.96;6.51;4.62
464,0,647.35;3;11.69;7.59;2.9;1.8;14.75;6.58;4.65
465,0,634.66;3;11.75;7.62;2.87;1.2;14.16;6.52;4.4
466,0,585.1;2.83;11.72;7.1;2.92;1.9;12.96;6.08;3.57
467,0,559.5;3;11.69;7.55;2.86;2.11;10.59;5.86;2.58
468,0,600.62;3;11.48;7.45;2.76;1.9;11.19;5.84;3.33
469,0,655.45;2.05;11.73;7.13;3.22;1.7;10.1;5.4;3.55
470,0,650.2;2.2;11.69;7.51;3.2;0.4;12.96;6.57;4.55
471,0,648.42;3;11.69;7.63;2.86;2.6;12.59;6.36;4.05
472,0,559.5;3;11.69;7.57;2.77;1.5;10.78;5.99;2.69
473,0,696.76;2.51;11.69;7.24;3.16;3;12.96;6.17;5.02
474,0,583.08;2.31;11.18;7.42;2.98;1.1;9.65;5.74;2.64
475,0,578.49;2.63;11.69;6.92;3.1;0.9;12.96;6.21;3.69
476,0,604.03;3;11.69;7.12;2.77;0.7;12.96;6.35;3.96
477,0,559.5;2.66;11.69;7.3;3.17;1.7;11.27;5.96;2.77
478,0,703.56;2.18;11.94;6.9;3.19;1.4;13.48;5;5.11
479,0,595.39;3;11.69;7.03;3.06;1.9;12.96;6.17;3.83
480,0,593.82;3;11.69;6.62;3.07;2.9;12.96;6.82;3.81
481,0,648.03;2.02;11.81;7.2;3.31;0.5;13.27;5.86;4.67
482,0,619.07;2.26;11.69;7.45;3.32;0.3;12.96;6.46;4.11
483,0,658.98;3;11.84;7.6;2.8;3.99;12.67;6.22;3.91
484,0,647.63;2.59;11.97;6.93;3.15;1.9;12.96;6.39;4.69
485,0,572.67;3;11.69;7.07;2.83;0.2;12.96;6.27;3.68
486,0,565.37;3;11.69;6.91;3.24;0.9;12.96;5.97;3.53
487,0,641.8;2.6;11.69;7.11;2.92;0.6;12.96;6.5;4.46
488,0,659.38;2.55;11.72;6.73;2.79;2.4;12.96;6.17;4.47
489,0,607.87;3;11.69;6.87;3.02;1;12.96;6.3;4.17
490,0,559.5;3;11.87;7.41;2.86;0.5;9.65;5.84;2.43
491,0,609.3;3;11.69;7.14;2.7;0.5;12.96;6.39;4.01
492,0,583.21;2.32;11.69;6.74;3.27;1.7;12.96;6.06;3.79
493,0,645.26;3;11.99;6.97;2.8;0.8;13.76;5.68;4.63
494,0,586.5;3;11.78;7.79;3.44;1.2;10.84;6.11;3.35
495,0,591.18;3;11.31;7.06;2.61;1.4;9.65;5.5;2.77
496,0,559.5;3;11.95;8.1;3.09;0.5;12.49;6.58;3.12
497,0,592.4;3;11.56;6.87;3.19;0.1;12.87;6.24;4.15
498,0,598.12;2.63;11.69;6.9;3.31;0.5;12.96;6.32;4.08
499,0,703.84;3;11.87;7.51;3;2.7;15.65;6.81;5.52
500,0,722.58;2.11;11.69;7.39;3.03;3.9;16.02;6.58;5.49
501,0,675.38;2.5;10.95;6.73;2.88;0.9;13.78;5.22;4.58
502,0,577.88;3;11.69;6.55;2.57;1.9;12.96;6.75;3.56
503,0,593.69;3;11.77;7.32;3.07;1.6;9.65;5.69;2.77
504,0,559.5;2.99;11.69;7.03;2.92;0.3;12.96;6.8;3.14
505,0,561.03;3;11.98;7.35;2.78;0.1;12.96;6.17;3.4
506,0,559.5;3;11.69;7.48;2.8;0.6;9.65;5.87;2.42
507,0,661.03;3;11.69;6.95;3.17;2.5;13.43;6.52;4.78
508,0,559.5;3;11.69;7.36;2.92;0.1;12.96;6.17;3.38
509,0,581.51;2.28;11.67;7.61;3.02;1;10.29;5.62;3.03
510,0,620.37;2.96;11.88;7.72;2.9;0.1;15.84;6.48;4.59
511,0,583.03;2.28;11.88;6.7;3.13;0.7;12.96;6.24;3.83
512,0,563.28;3;11.69;7.09;2.8;0.4;12.96;6.08;3.4
513,0,559.5;2.31;11.63;8.12;3.21;1.65;11.52;6.21;2.81
514,0,640.83;3;11.95;7.38;2.88;0.2;12.96;6.5;4.34
515,0,659.55;2.96;11.69;7.2;3;2.1;13.46;6.45;4.74
516,0,680.16;3;11.94;7.21;2.68;0.6;13.26;6.59;4.85
517,0,559.5;2.16;11.92;7.47;3.1;0.5;12.96;6.15;3.33
518,0,586.09;3;11.69;7.41;2.94;0.1;12.96;6.35;3.76
519,0,668.33;3;11.69;7.13;2.86;1.4;13.32;6.55;4.74
520,0,559.5;3;11.69;7.28;3.19;0.4;12.96;6.16;3.32
521,0,621.73;2.31;11.12;6.54;2.81;0.6;13.51;5.29;4.39
522,0,580.34;2.93;10.42;7.3;2.98;1;9.65;5.6;2.98
523,0,605.1;3;11.69;6.87;3.1;0.6;12.96;6.29;4.23
524,0,591.52;3;11.69;6.67;2.84;2.6;12.96;6.81;3.73
525,0,665.39;3;11.77;7.53;3.24;4.5;12.97;7.14;4.47
526,0,559.5;3;11.97;8.11;3.08;0.5;12.49;6.58;3.12
527,0,617.23;2.26;11.98;7.34;3.66;0.6;15.46;6.17;4.58
528,0,685.26;3;11.69;6.86;3.32;3.3;12.96;6.54;5.2
529,0,632.65;3;11.69;7.53;2.96;1.4;14.36;6.53;4.44
530,0,578.96;2.61;11.64;6.47;2.82;0.5;9.65;5.76;3.08
531,0,590.45;3;11.69;6.91;3.27;0.3;12.96;6.27;4
532,0,582.56;2.81;11.69;7.04;2.88;0.2;12.96;6.21;3.82
533,0,629.11;3;11.69;7.65;3.08;0.9;12.96;6.43;4.18
534,0,600.17;2.42;11.88;6.86;3.13;0.1;13.06;6.25;4.34
535,0,559.5;2.31;11.69;7.26;3.34;1.55;9.65;5.66;2.23
536,0,568.85;3;11.69;7.43;2.98;0.4;9.65;5.96;2.67
537,0,655.63;2.56;11.91;6.97;3.39;0.6;9.65;5.52;3.81
538,0,656.41;2.4;11.94;6.96;3;1.5;12.96;6.51;4.68
539,0,646.91;2.66;11.57;6.95;3.27;0.1;11.91;5.68;3.82
540,0,559.5;3;11.79;7.06;3.21;0.2;12.96;6.01;3.32
541,0,595.75;3;11.69;7.66;2.83;1.3;11.67;6.28;3.5
542,0,624.35;2.1;10.62;7.46;3.02;0.6;12.46;6.24;4.32
543,0,559.5;2.51;11.69;7.36;3.22;0.7;12.96;6.18;3.32
544,0,617.67;2.01;11.89;7.27;3.27;1.1;12.96;5.8;4.16
545,0,674.62;2.43;11.71;6.84;3.1;3.3;12.96;5.84;4.31
546,0,695.36;3;11.69;7.79;3.07;2.9;16.04;6.71;5.19
547,0,593.85;3;11.91;6.86;3.16;2;12.96;6.12;4.14
548,0,566.03;3;11.69;7.44;2.62;0.4;12.96;6.15;3.41
549,0,580.39;3;11.69;6.82;3.02;1.5;12.96;6.12;3.79
550,0,580.68;3;11.69;6.89;2.99;2.2;12.96;6.04;3.77
551,0,653.15;2.79;11.89;7.07;2.9;1.8;12.96;6.45;4.56
552,0,579.49;2.65;11.69;6.85;3.13;1.71;12.96;5.97;3.83
553,0,620.82;3;11.69;7.01;2.76;1.2;12.96;6.39;4.17
554,0,672.53;2.03;11.69;7.1;3.1;0.5;12.96;5.49;4.21
555,0,586.27;3;11.69;6.92;3.03;0.5;12.96;6.19;3.97
556,0,592.79;2.5;11.69;7.03;2.93;0.7;12.96;6.27;3.93
557,0,608.39;3;11.14;7.71;3.06;1.1;12.12;5.86;3.57
558,0,718.13;3.06;11.85;7.19;3.12;1.3;14.96;6.2;5.38
559,0,594.43;2.18;11.69;7.12;3.21;1.55;12.96;5.92;3.95
560,0,595.32;2.11;11.69;6.85;3.16;1.4;12.96;6.14;4.17
561,0,636.63;3;11.69;7.49;3.03;0.1;12.86;6.5;4.32
562,0,587.47;2.24;11.69;7.43;3.07;0.4;12.96;6.37;3.74
563,0,655.97;3;11.77;7.55;2.89;3.8;12.58;6.27;3.91
564,0,628.39;2.54;11.74;6.87;3.3;2;12.96;6.42;4.39
565,0,642.88;2.7;11.63;7.5;2.73;0.7;13.36;6.34;4.72
566,0,686.8;2.24;11.65;6.99;3.2;0.1;13.12;5.57;4.83
567,0,637.71;2.6;11.69;7.1;2.88;0.8;12.96;6.46;4.37
568,0,634.23;3;11.69;7.32;2.96;0.2;12.96;6.49;4.28
569,0,721.17;3;11.69;7.75;3.01;2.5;15.45;6.81;5.52
570,0,642.12;3;11.89;7.14;2.78;2;12.96;6.46;4.47
571,0,577.6;2.72;11.69;6.95;3.05;0.4;12.96;6.24;3.74
572,0,614.48;2.54;11.69;6.88;3.51;0.9;12.96;6.37;4.33
573,0,646.45;2.29;11.17;7.08;3.5;0.5;13.41;5.83;4.47
574,0,559.5;2.57;11.84;7.15;3.09;0.3;12.96;6.1;3.29
575,0,841.93;2.14;11.8;6.67;3.39;0.8;12.19;4.45;5.56
576,0,659.19;3;11.69;7.72;2.99;0.8;13.76;6.6;4.69
577,0,631.76;2.01;11.69;7.39;3.12;2.27;12.96;6.09;3.99
578,0,650.47;2.43;11.97;7.5;3.47;0.4;12.62;5.97;4.08
579,0,665.53;3;11.87;6.73;2.81;1.9;12.53;5.67;4.32
580,0,594;2.26;11.69;6.87;3.38;0.6;12.96;6.24;3.99
581,0,617.93;2.59;11.69;7.28;2.97;2.42;12.96;6.11;3.91
582,0,561.06;3;11.75;7.47;2.68;0.1;12.96;6.19;3.42
583,0,594.47;2.34;11.71;7.4;3.03;1.6;9.65;5.68;2.84
584,0,603.93;3;11.69;6.81;3.24;0.7;12.96;6.23;4.42
585,0,627.08;3;11.69;7.21;3;0.8;12.96;5.46;4.18
586,0,588.71;3;11.96;7.59;3.21;1.3;12.49;5.9;3.46
587,0,589.13;2.75;11.92;6.64;3.05;0.1;13.06;6.01;3.87
588,0,722.72;2.01;11.69;7.25;3.1;3.9;16.49;6.61;5.67
589,0,807.92;2.54;11.7;7.14;3.39;0.6;13.54;5;6.03
590,0,559.5;2.28;11.54;7.52;2.76;1;12.03;5.69;3.01
591,0,624.46;3;11.69;7.6;2.85;1.1;16.25;6.43;4.67
592,0,575.97;2.21;11.69;7.02;3.08;1.7;12.96;6.05;3.55
593,0,589.83;2.03;11.69;6.93;3.05;0.7;12.96;6.14;3.96
594,0,591.43;3;11.69;7.09;2.85;0.3;12.96;6.29;3.93
595,0,642.62;3;11.87;7.59;2.81;3.5;11.98;6.19;3.66
596,0,643.24;2.03;11.74;7.3;3.43;0.6;12.4;6.5;4.35
597,0,650.2;2.48;11.97;6.28;3.32;0.3;16.55;5.52;5.38
598,0,574.49;3;11.79;6.9;2.9;0.6;12.96;6.18;3.72
599,0,568.26;3;11.69;7.25;2.91;0.1;12.96;6.29;3.6
600,0,565.5;3;11.69;7.31;2.66;0.4;12.96;6.12;3.37
601,0,613.95;2.04;11.97;7.73;3.37;1.3;12.96;6.45;4
602,0,574.22;3;11.69;7.22;2.66;1;12.96;6.07;3.42
603,0,600.19;2.6;11.69;6.88;3.21;1.8;12.96;6.1;4.13
604,0,670.89;3;11.55;7.21;2.94;0.1;13.46;6.43;4.88
605,0,559.5;3;11.69;7.48;2.82;0.9;9.89;5.96;2.56
606,0,746.93;2.26;11.95;7.49;3.37;0.2;11.07;4.29;4.47
607,0,604.92;2.47;11.69;6.94;3.37;1.4;12.96;6.24;4.14
608,0,600.86;3;11.69;7.5;2.9;1.72;15.25;6.2;4.22
609,0,580.19;3;11.69;6.84;3.01;2.1;12.96;6.08;3.77
610,0,679.24;3;11.84;7.51;2.94;1.8;14.07;6.56;4.87
611,0,591.25;2.15;11.69;6.89;3.38;1.9;12.96;6.18;3.84
612,0,633.46;3;11.62;6.87;2.99;0.8;13.41;6.12;4.66
613,0,650.29;2.82;11.75;7.21;3.28;0.9;11.9;5.68;4.1
614,0,559.5;2.78;11.81;7.37;3.09;1.4;9.98;5.93;2.52
615,0,584.04;3;11.69;6.87;2.95;0.2;12.96;6.24;3.92
616,0,690.72;3;11.69;7.04;3.13;2.6;14.52;6.6;5.12
617,0,625.65;2.5;11.69;7.03;2.92;1.4;12.96;6.39;4.23
618,0,662.32;2.11;11.74;6.67;3.29;1.3;14.13;5.27;4.62
619,0,559.5;3;11.69;7.6;3.15;1.14;9.65;5.68;2.68
620,0,601.61;3;11.8;6.88;3.19;1.5;12.96;6.15;4.28
621,0,559.5;3;11.79;7.57;3.03;0.7;12.27;5.96;3.1
622,0,582.81;3;11.69;7.06;2.98;1.29;12.96;6.48;3.93
623,0,586.33;2.02;11.96;7.66;3.01;0.5;11.81;5.1;3.69
624,0,666.88;2.13;11.78;7.54;3.13;0.5;17.76;6.58;5.57
625,0,772.24;2.24;11.33;6.8;2.74;1.1;13.99;5.61;5.72
626,0,602.14;3;11.98;7.25;2.75;0.2;12.96;6.38;3.9
627,0,596.14;2.75;11.95;6.91;3.1;0.1;12.96;6.25;4.22
628,0,675.03;2.27;11.94;6.82;3.56;3.3;14.11;6.58;5.08
629,0,718.54;3;11.45;6.93;2.93;1.8;14.65;5.89;5.12
630,0,600.42;3;11.69;7.04;3.03;0.6;12.96;6.32;4.05
631,0,697.31;3;11.7;7.63;2.92;0.1;13.52;4.73;5.04
632,0,576.69;2.81;11.69;6.95;3.04;1.6;12.96;6.14;3.56
633,0,697.08;2.2;11.69;7.25;3.07;2.9;15.23;6.53;5.28
634,0,621.56;2.38;11.69;6.83;2.99;1.3;12.96;6.36;4.23
635,0,718.71;2.09;11.38;5.54;2.7;2;17.12;6.24;6.14
636,0,563.3;2.56;11.63;7.55;3.03;0.2;11.26;5.39;3.21
637,0,578.95;2.3;11.69;7;3.02;1.6;12.96;6.07;3.67
638,0,565.6;3;11.69;7.14;2.79;0.5;12.96;6.07;3.36
639,0,618.82;2.93;11.88;7.56;2.91;0.1;16.34;6.52;4.79
640,0,562.88;3;11.69;7.18;2.88;0.3;12.96;6.15;3.39
641,0,581.26;2.28;11.73;7.07;2.94;0.2;12.77;6.16;3.76
642,0,631;2.14;11.64;7.17;3.1;1.7;9.65;5.43;3.27
643,0,578.16;2.08;11.25;6.56;3.01;0.6;8.78;4.3;2.82
644,0,654.38;2.98;11.69;7.49;3.27;0.5;12.96;6.61;4.64
645,0,580.55;2.91;11.69;7.09;3.15;0.4;12.96;5.34;3.59
646,0,596.1;2.44;11.97;6.97;3.01;0.3;12.96;6.23;4.09
647,0,685.05;2.4;11.69;6.98;3.03;2;13.08;6.57;5
648,0,595.3;3;11.69;6.86;3.05;0.3;13.09;6.3;4.06
649,0,682.68;3;11.92;7.22;2.66;2.2;12.02;5.72;3.99
650,0,649.08;2.73;11.63;6.9;2.76;0.3;13.53;5.81;4.5
651,0,559.5;3;11.69;7.35;3.04;1.3;11.67;5.94;2.89
652,0,608.06;3;11.69;6.79;2.58;0.4;13.04;6.56;4.65
653,0,559.5;3;11.69;7.41;2.9;0.1;12.96;6.18;3.39
654,0,649.12;3;11.69;7.74;2.92;4;12.49;6.21;3.84
655,0,559.5;3;11.97;8.11;3.08;0.5;12.49;6.58;3.12
656,0,664.51;3;11.69;7.47;2.99;3.2;13.18;6.36;4.2
657,0,763.7;2.46;11.51;6.62;2.9;1;10.87;5.78;4.9
658,0,628.8;2.45;11.69;6.97;3;2.76;12.96;6.25;4.22
659,0,559.5;3;11.9;7.32;2.87;0.7;12.3;5.86;3.11
660,0,572.41;3;11.94;6.88;2.87;0.4;12.96;6.2;3.71
661,0,559.5;3;11.69;7.32;3.21;1.9;12.96;6.53;2.95
662,0,695.88;2.07;11.69;6.9;3.13;4.1;12.96;6.53;5.27
663,0,696.75;2.27;11.83;6.71;2.96;1.7;14.66;6.3;4.97
664,0,686.17;2.18;11.69;6.44;2.82;3.6;17.12;7;5.94
665,0,683.92;2;11.72;7.05;3.07;1.2;13.74;6.6;4.95
666,0,624.55;3;11.9;7.73;2.92;0.3;15.57;6.46;4.54
667,0,559.5;2.03;11.74;7.28;3.33;0.6;12.37;6.06;3.12
668,0,734.55;2.58;11.69;7.18;3.15;4.2;16.76;6.68;5.79
669,0,608.1;3;11.69;7.24;2.77;0.5;12.96;6.31;4.08
670,0,720.84;2.03;11.69;7.2;3.14;3.8;16.5;6.61;5.69
671,0,583.41;3;11.69;7.38;3.12;1;14.76;6.32;4.07
672,0,654.19;2.98;11.84;7.28;3.17;2.1;12.96;6.09;4.54
673,0,700.97;2.21;11.61;6.78;3.27;3.2;12.98;5.78;4.53
674,0,673.19;2.3;11.4;6.61;2.59;0.8;13.71;6.1;4.87
675,0,616.66;2.68;11.69;7.06;3.18;0.2;12.96;6.32;4.45
676,0,667;3;11.69;7.79;2.95;2.8;13.17;6.39;4.24
677,0,559.5;3;11.92;8.1;3.1;0.5;12.49;6.58;3.12
678,0,658.04;2.45;11.69;6.94;3.27;1;16.29;6.61;4.93
679,0,610.55;2.1;11.91;6.94;3.55;1.2;12.96;6.28;4.34
680,0,582.06;2.81;11.77;6.88;3.17;1;12.96;6.21;3.74
681,0,614.07;2.3;11.69;6.85;3.25;1.58;13.25;6.45;4.5
682,0,637.42;3;11.69;7.33;2.63;0.9;12.96;6.47;4.34
683,0,667.98;3;11.79;7.22;2.75;2;13.78;6.54;4.8
684,0,761.18;2.46;11.36;6.54;3.1;0.4;17.42;5.61;6.06
685,0,559.5;2.92;11.42;7.64;2.8;0.1;12.32;5.96;3.3
686,0,609.45;3;11.69;7.62;2.86;0.5;14.95;6.45;4.33
687,0,821.5;3;11.59;7.96;2.98;2.2;12.98;4.57;5.8
688,0,645.09;2.81;11.69;6.92;3.24;2.5;12.96;6.47;4.57
689,0,623.9;3;12;7.6;2.79;1;12.96;6.4;4.09
690,0,598.61;3;11.95;6.81;3.23;1.3;12.96;6.15;4.17
691,0,588.49;2;11.95;6.98;3.14;0.1;12.87;6.21;4.01
692,0,691.7;3;11.69;7.26;2.85;0.5;13.86;6.11;5.01
693,0,638.94;3;11.69;7.51;2.95;1.9;15.25;6.57;4.69
694,0,679.4;3;11.69;7.2;2.8;0.9;13.69;6.6;4.89
695,0,567.49;3;11.74;6.98;2.8;0.5;12.96;6.19;3.58
696,0,703.18;2.7;11.76;6.86;3.31;4.1;13.09;6.6;5.37
697,0,648.85;2.46;11.77;7.11;3.2;0.2;14.1;5.85;4.61
698,0,573.02;3;11.94;6.94;2.98;1.2;12.96;6.07;3.45
699,0,627.33;2.1;11.69;6.73;3.06;1.7;12.96;6.36;4.36
700,0,641.34;3;11.69;7.7;2.87;1.1;14.06;6.53;4.44
701,0,571.14;2.95;11.69;7.46;3.22;0.3;12.96;6.31;3.61
702,0,677.2;3;11.69;7.22;2.9;1;13.38;6.57;4.91
703,0,604.54;3;11.94;7.21;2.75;0.6;12.96;6.31;4.02
704,0,561.67;2.65;11.92;7.4;3.47;0.1;13.05;6.29;3.54
705,0,639.57;2.2;11.69;7.48;3;0.6;12.96;6.32;4.4
706,0,577.83;3;11.9;6.9;3.22;0.4;12.58;6.2;3.77
707,0,586.09;2.23;11.86;6.98;3;0.6;12.96;6.15;3.89
708,0,559.5;3;11.97;7.3;3.02;2.29;9.65;5.73;2.21
709,0,559.5;3;11.69;7.36;2.89;1.5;12.96;6.67;2.98
710,0,609.76;3;11.69;7.22;2.75;0.6;12.96;6.4;4.01
711,0,634.8;3;11.69;6.9;3.27;1.2;12.96;6.36;4.63
712,0,560.62;3;11.69;7.22;3.04;0.1;12.96;6.15;3.37
713,0,699.06;2.3;11.77;6.85;2.85;0.8;18.01;6.35;5.76
714,0,584.07;3;11.69;7.37;2.71;1.4;12.96;6.17;3.57
715,0,594.02;2.14;11.77;6.9;3.11;0.9;12.96;6.16;4.12
716,0,623.01;2.76;11.69;7;2.91;1.7;12.96;6.32;4.21
717,0,587.86;3;11.69;6.92;2.88;0.5;12.96;6.26;3.9
718,0,637.81;3;11.69;7.42;3.11;1.9;11.99;6.37;3.95
719,0,590.42;3;11.78;7.25;2.73;0.1;12.96;6.27;3.89
720,0,575.46;2.44;11.69;7.04;3.08;0.7;10.3;5.89;3.07
721,0,559.5;2.85;11.79;7.09;3.09;0.2;12.96;6.03;3.3
722,0,604.97;3;11.69;7.11;2.75;0.5;12.96;6.37;3.97
723,0,696.11;3;11.69;7.02;3.24;3.7;15.23;6.6;5.32
724,0,588.16;2.19;11.9;7.35;3.46;1.4;9.65;5.61;3.07
725,0,648.19;3;11.45;6.67;2.35;1;13.9;6.12;4.6
726,0,626.32;2.9;11.69;6.96;3.04;1.8;12.96;6.42;4.3
727,0,667.61;3;12;7.24;2.99;2.5;13.66;6.47;4.78
728,0,659.11;3;11.95;6.96;2.84;1.6;12.96;6.51;4.7
729,0,651.64;2.03;11.69;6.7;3.2;0.7;12.96;6.03;4.56
730,0,670.76;3;11.69;6.95;2.85;1.6;12.96;6.55;4.85
731,0,629.64;2.6;11.4;7.04;3.14;0.6;12.41;5.3;4.08
732,0,614.9;3;11.69;7.75;2.96;2.1;15.35;6.3;4.25
733,0,615.73;3;11.69;7.56;2.88;0.9;12.07;6.38;3.88
734,0,559.5;2.88;11.69;7.38;3.02;0.2;12.96;6.14;3.34
735,0,578.84;3;11.69;7.09;2.52;0.3;12.96;6.26;3.71
736,0,758.47;3.34;11.42;7.31;2.98;0.5;17.96;6.25;6.02
737,0,600.49;3;11.98;7.43;2.63;0.9;12.96;6.33;3.89
738,0,576.91;3;11.69;7.12;2.73;0.5;12.96;6.23;3.67
739,0,559.5;3;11.69;7.46;3.14;1.41;9.65;5.65;2.25
740,0,631.65;3;11.64;6.78;2.89;1.1;11.57;5.89;4.15
741,0,630.24;2.72;11.73;7.26;2.95;0.6;12.96;6.34;4.44
742,0,701.35;3;11.69;7.58;2.93;2.6;15.55;6.78;5.4
743,0,574.61;2.5;11.69;7.01;2.94;1.3;12.96;6.13;3.64
744,0,607.77;2.54;10.81;7.61;2.89;0.6;12.44;6.14;3.89
745,0,622.64;2.58;11.76;7.22;3.21;1;12.96;5.96;4.22
746,0,675.17;2.06;11.69;6.3;2.95;1.9;12.96;5.68;4.4
747,0,559.5;2.92;11.69;7.38;3.08;0.3;10.08;6.02;2.7
748,0,579.97;2.11;11.69;7.11;3.31;0.2;12.76;5.59;3.62
749,0,594.9;3;11.93;7.74;2.97;1.6;10.12;6.07;3.03
750,0,567.92;2.5;11.73;7.07;2.9;0.2;12.77;6.22;3.63
751,0,674.7;2.41;12;7.44;3.22;4;13.26;6.31;4.17
752,0,594.31;3;11.69;6.6;3;3;12.96;6.82;3.84
753,0,578.67;3;11.69;7.58;2.84;0.3;13.26;6.33;3.74
754,0,614.72;2.29;11.69;7.31;3.23;0.7;12.96;5.82;4.13
755,0,726.48;2.54;11.69;7.13;3.2;4.4;16.59;6.66;5.74
756,0,681.89;2.5;11.69;6.97;3.09;2.5;12.96;6.53;4.93
757,0,600.08;3;11.93;7.77;3.04;1.4;14.65;6.29;4
758,0,625.08;3;11.69;6.91;2.99;1.7;12.96;6.35;4.31
759,0,618.73;3;11.69;7.6;2.86;0.6;12.37;6.41;3.98
760,0,567.78;3;11.69;7.39;3.08;0.6;13.56;6.25;3.65
761,0,718.86;3;11.97;7.73;3.09;2.3;17.84;6.8;5.74
762,0,629.58;2.2;11.97;6.84;3.41;0.6;12.96;6.32;4.7
763,0,559.5;3;11.51;7.42;2.51;0.7;12.31;5.65;3.16
764,0,613.22;2.55;11.69;7.37;3.17;0.4;12.96;5.91;4.12
765,0,605.53;2.08;11.69;6.87;3.01;1.33;12.96;6.41;4.26
766,0,564.33;3;11.95;7.07;2.98;0.5;12.96;6.12;3.41
767,0,604.13;3;11.69;7.23;2.78;0.4;12.96;6.31;4.05
768,0,584.94;3;11.69;7.57;2.84;0.8;12.17;6.28;3.51
769,0,559.5;3;11.49;7.34;2.67;0.7;12.31;5.75;3.06
770,0,594.82;2.17;11.7;6.91;3.1;0.1;12.87;6.21;4.17
771,0,583.22;3;11.9;7.5;3.16;1.3;14.26;6.1;3.84
772,0,685.69;3;11.79;6.88;3.54;3.8;14.89;6.6;5.3
773,0,606.77;2.39;11.79;6.86;3.08;0.7;12.96;6.26;4.22
774,0,596.11;2.12;11.69;7.29;3.32;1.7;10.23;6.13;3.12
775,0,653.49;2.87;11.69;7.05;3.29;1.8;13.44;6.45;4.81
776,0,595.57;2.28;11.77;6.78;3.16;0.5;13.03;5.98;3.8
777,0,643.4;2.9;11.99;6.89;3.6;1.7;12.96;6.46;4.76
778,0,695.19;2.3;11.69;6.92;3.35;3.6;12.96;6.54;5.21
779,0,644.05;2.81;11.69;6.87;3.5;2.1;12.96;6.46;4.69
780,0,596.25;3;11.98;6.81;3.19;0.1;12.96;6.25;4.21
781,0,592.74;3;11.69;6.93;3.11;2.58;12.96;6.03;3.97